"Sample_Timestamp","Exec_Mask","Dispatch_Id","Instruction","Instruction_Comment","Correlation_Id"
3464444413017201,65535,1,"s_endpgm","",1
3464444413017201,65535,1,"s_waitcnt vmcnt(0)","",1
3464444413018481,65535,1,"s_waitcnt vmcnt(0)","",1
3464444413018481,65535,1,"s_endpgm","",1
3464444413018481,65535,1,"s_waitcnt vmcnt(0)","",1
3464444413018481,65535,1,"s_waitcnt vmcnt(0)","",1
3464444413018481,65535,1,"s_endpgm","",1
3464444413018481,65535,1,"s_endpgm","",1
3464444413019601,65535,1,"s_waitcnt vmcnt(0)","",1
3464444413019761,65535,1,"s_load_dword s8, s[4:5], 0x24","",1
3464444413019761,65535,1,"s_waitcnt vmcnt(0)","",1
3464444413019761,65535,1,"s_endpgm","",1
3464444413019761,65535,1,"s_load_dword s8, s[4:5], 0x24","",1
3464444413019761,65535,1,"s_endpgm","",1
3464444413019761,65535,1,"s_endpgm","",1
3464444413020881,65535,1,"s_endpgm","",1
3464444413020881,65535,1,"s_endpgm","",1
3464444413020881,65535,1,"s_endpgm","",1
3464444413020881,65535,1,"s_waitcnt lgkmcnt(0)","",1
3464444413020881,65535,1,"v_addc_co_u32_e32 v5, vcc, v1, v5, vcc","",1
3464444413020881,65535,1,"s_endpgm","",1
3464444413020881,65535,1,"s_waitcnt vmcnt(0)","",1
3464444413020881,65535,1,"s_endpgm","",1
3464444413020881,65535,1,"s_waitcnt vmcnt(0)","",1
3464444413021041,65535,1,"s_endpgm","",1
3464444413020881,65535,1,"v_bfe_u32 v0, v0, 10, 10","",1
3464444413021041,65535,1,"s_endpgm","",1
3464444413021041,65535,1,"s_endpgm","",1
3464444413021041,65535,1,"s_waitcnt vmcnt(0)","",1
3464444413021041,65535,1,"s_endpgm","",1
3464444413021041,65535,1,"s_waitcnt vmcnt(0)","",1
3464444413021041,65535,1,"s_endpgm","",1
3464444413022001,65535,1,"s_waitcnt vmcnt(0)","",1
3464444413022001,65535,1,"s_endpgm","",1
3464444413022001,65535,1,"s_endpgm","",1
3464444413022001,65535,1,"s_endpgm","",1
3464444413022001,65535,1,"s_endpgm","",1
3464444413022001,65535,1,"s_waitcnt vmcnt(0)","",1
3464444413022001,65535,1,"s_endpgm","",1
3464444413022001,65535,1,"s_waitcnt vmcnt(0)","",1
3464444413022001,65535,1,"s_waitcnt lgkmcnt(0)","",1
3464444413022161,65535,1,"s_endpgm","",1
3464444413022161,65535,1,"s_waitcnt vmcnt(0)","",1
3464444413022161,65535,1,"s_endpgm","",1
3464444413022161,65535,1,"s_load_dword s8, s[4:5], 0x24","",1
3464444413022161,65535,1,"global_store_dword v[0:1], v3, off","",1
3464444413022161,65535,1,"s_endpgm","",1
3464444413022161,65535,1,"s_endpgm","",1
3464444413022161,65535,1,"s_waitcnt vmcnt(0)","",1
3464444413022161,65535,1,"s_endpgm","",1
3464444413022161,65535,1,"s_endpgm","",1
3464444413022161,65535,1,"s_waitcnt vmcnt(0)","",1
3464444413022161,65535,1,"s_endpgm","",1
3464444413022321,65535,1,"s_load_dwordx4 s[0:3], s[4:5], 0x0","",1
3464444413022161,65535,1,"s_waitcnt vmcnt(0)","",1
3464444413022321,65535,1,"s_endpgm","",1
3464444413022161,65535,1,"s_waitcnt vmcnt(0)","",1
3464444413023281,65535,1,"s_endpgm","",1
3464444413023281,65535,1,"s_endpgm","",1
3464444413023281,65535,1,"v_ashrrev_i32_e32 v1, 31, v0","",1
3464444413024561,65535,1,"s_waitcnt vmcnt(0)","",1
3464444413023281,65535,1,"s_endpgm","",1
3464444413024561,65535,1,"s_endpgm","",1
3464444413023761,65535,1,"s_waitcnt vmcnt(0)","",1
3464444413026321,65535,1,"s_waitcnt vmcnt(0)","",1
3464444413024401,65535,1,"global_store_dword v[0:1], v3, off","",1
3464444413027121,65535,1,"s_waitcnt vmcnt(0)","",1
3464444413025041,65535,1,"v_add_co_u32_e32 v0, vcc, s0, v0","",1
3464444413027761,65535,1,"s_waitcnt vmcnt(0)","",1
3464444413025361,65535,1,"s_endpgm","",1
3464444413027601,65535,1,"s_waitcnt vmcnt(0)","",1
3464444413026321,65535,1,"s_waitcnt vmcnt(0)","",1
3464444413028401,65535,1,"s_waitcnt vmcnt(0)","",1
3464444413026481,65535,1,"s_waitcnt vmcnt(0)","",1
3464444413028881,65535,1,"s_waitcnt vmcnt(0)","",1
3464444413026641,65535,1,"s_waitcnt vmcnt(0)","",1
3464444413028401,65535,1,"s_load_dword s8, s[4:5], 0x24","",1
3464444413027281,65535,1,"s_waitcnt vmcnt(0)","",1
3464444413029681,65535,1,"s_endpgm","",1